From;To;Type;Through;start_x;start_y;stop_x;stop_y;adjacency_rule_name;Comment
7710;7200;sea;7910;-1;-1;-1;-1;SAGITTARIUS_STRAIT;Sagittarius
1096;2003;sea;7866;-1;-1;-1;-1;;plumah-gienah
1096;6758;sea;7896;-1;-1;-1;-1;;corvun islands
1096;6761;sea;7866;-1;-1;-1;-1;;corvun islands
6761;6763;sea;7866;-1;-1;-1;-1;;corvun islands
6763;6764;sea;7866;-1;-1;-1;-1;;corvun islands
6763;6766;sea;7866;-1;-1;-1;-1;;corvun islands
6766;4242;sea;7866;-1;-1;-1;-1;;corvun islands
2910;6767;sea;7866;-1;-1;-1;-1;;central corvun island
4145;6753;lake;8212;-1;-1;-1;-1;;rostrum-procul corvus
2795;6744;sea;7863;-1;-1;-1;-1;;maitland-island corvus
6751;6753;lake;8212;-1;-1;-1;-1;;procul-cetus
4049;6751;lake;8212;-1;-1;-1;-1;;cetus-belhold
4049;6755;lake;8212;-1;-1;-1;-1;;behold-cetus2
4049;4086;lake;8212;-1;-1;-1;-1;;belhold-mainland
6756;4077;sea;7852;-1;-1;-1;-1;;canis island
6647;6646;sea;7578;-1;-1;-1;-1;;hydrus east island
3196;3389;lake;8207;-1;-1;-1;-1;;ursa
672;6723;sea;8048;-1;-1;-1;-1;;columba
6428;6910;sea;7700;-1;-1;-1;-1;;auriga
6543;424;sea;7841;-1;-1;-1;-1;;ursa
2619;6591;sea;8039;-1;-1;-1;-1;;ursa
2619;6604;sea;8039;-1;-1;-1;-1;;ursa
# cetan andromeda
5170;6791;sea;7503;-1;-1;-1;-1;;cetus islands andromeda below
5190;6790;sea;8043;-1;-1;-1;-1;;cetus islands
2745;6793;sea;7503;-1;-1;-1;-1;;cetus islands
6793;6794;sea;7503;-1;-1;-1;-1;;cetus islands
6791;6793;sea;7503;-1;-1;-1;-1;;cetus islands
6794;6795;sea;7503;-1;-1;-1;-1;;cetus islands
6788;5121;sea;7503;-1;-1;-1;-1;;cetus islands
6786;1495;sea;7651;-1;-1;-1;-1;;cetus islands
1495;6785;sea;7651;-1;-1;-1;-1;;cetus islands
5290;5347;sea;8043;-1;-1;-1;-1;;cetus islands
5347;5414;sea;8043;-1;-1;-1;-1;;cetus islands
5414;6803;sea;7705;-1;-1;-1;-1;;cetus islands
5455;6807;sea;7705;-1;-1;-1;-1;;cetus islands
6807;6812;sea;7705;-1;-1;-1;-1;;cetus islands andromeda stop
# yelman islands
1276;6593;sea;7977;-1;-1;-1;-1;;ursan islands
522;3423;sea;7381;-1;-1;-1;-1;;east ursan islands
3426;6605;sea;7411;-1;-1;-1;-1;;east ursan islands
6607;3423;sea;7381;-1;-1;-1;-1;;east ursan islands
6665;6669;sea;7280;-1;-1;-1;-1;;central ursan islands
6655;6669;sea;7280;-1;-1;-1;-1;;central ursan islands
6655;6654;sea;7280;-1;-1;-1;-1;;central ursan islands
6656;6654;sea;7280;-1;-1;-1;-1;;central ursan islands
3016;6674;sea;7280;-1;-1;-1;-1;;central ursan islands
2996;3016;sea;7296;-1;-1;-1;-1;;central ursan islands
6683;3016;sea;7280;-1;-1;-1;-1;;central ursan islands
2996;6700;sea;7524;-1;-1;-1;-1;;central ursan islands
3118;6700;sea;7524;-1;-1;-1;-1;;central ursan islands
3118;6696;sea;7524;-1;-1;-1;-1;;central ursan islands
6710;3118;sea;7524;-1;-1;-1;-1;;central ursan islands
6715;6710;sea;7524;-1;-1;-1;-1;;central ursan islands
3653;6715;sea;7524;-1;-1;-1;-1;;central ursan islands
6673;6700;sea;7524;-1;-1;-1;-1;;central ursan islands
6623;6619;sea;8024;-1;-1;-1;-1;;east ursan islands
6619;6615;sea;8024;-1;-1;-1;-1;;east ursan islands
6615;6617;sea;8024;-1;-1;-1;-1;;east ursan islands
6615;6613;sea;8024;-1;-1;-1;-1;;east ursan islands
6613;6607;sea;8024;-1;-1;-1;-1;;east ursan islands
6615;6622;sea;8024;-1;-1;-1;-1;;east ursan islands
6615;6618;sea;8024;-1;-1;-1;-1;;east ursan islands
6594;6602;sea;7662;-1;-1;-1;-1;;east ursan islands
6602;6601;sea;7662;-1;-1;-1;-1;;east ursan islands
6606;6601;sea;8040;-1;-1;-1;-1;;east ursan islands
6747;1242;sea;7122;-1;-1;-1;-1;;east ursan islands
3725;3704;sea;8151;-1;-1;-1;-1;;east ursan islands
3653;3205;sea;7885;-1;-1;-1;-1;;south yelman island
3794;3848;sea;7320;-1;-1;-1;-1;;south yelman island
# grusan libran ocean
6729;1876;sea;7200;-1;-1;-1;-1;;grusan
1876;3793;sea;7200;-1;-1;-1;-1;;grusan
6724;697;sea;7200;-1;-1;-1;-1;;grusan
6749;1536;sea;7717;-1;-1;-1;-1;;grusan
6752;1215;sea;7717;-1;-1;-1;-1;;grusan
6759;4069;sea;7717;-1;-1;-1;-1;;grusan
# grusan annulus
3715;6731;sea;7710;-1;-1;-1;-1;;grusan
6731;2955;sea;7710;-1;-1;-1;-1;;grusan
2955;6739;sea;7710;-1;-1;-1;-1;;grusan
6739;6742;sea;7710;-1;-1;-1;-1;;grusan
# vega islands
4524;4557;sea;8099;-1;-1;-1;-1;;vega
4557;6775;sea;8099;-1;-1;-1;-1;;vega
6775;6776;sea;8099;-1;-1;-1;-1;;vega
4557;4621;sea;8099;-1;-1;-1;-1;;vega
4621;6777;sea;8099;-1;-1;-1;-1;;vega
6776;6777;sea;8099;-1;-1;-1;-1;;vega
6776;4695;sea;8099;-1;-1;-1;-1;;vega
6777;4695;sea;8099;-1;-1;-1;-1;;vega
4695;6778;sea;8099;-1;-1;-1;-1;;vega
2755;4708;sea;8099;-1;-1;-1;-1;;vega
4813;6780;sea;8159;-1;-1;-1;-1;;vega
4813;6781;sea;8159;-1;-1;-1;-1;;vega
# south ursan islands
6627;3500;sea;7858;-1;-1;-1;-1;;south ursan islands
6653;6657;sea;7068;-1;-1;-1;-1;;south ursan islands
3566;6657;sea;7068;-1;-1;-1;-1;;south ursan islands
6695;6704;sea;8143;-1;-1;-1;-1;;south ursan islands
6684;6692;sea;8140;-1;-1;-1;-1;;south ursan islands
6692;6703;sea;8140;-1;-1;-1;-1;;south ursan islands
6703;6708;sea;8140;-1;-1;-1;-1;;south ursan islands
6708;6709;sea;8140;-1;-1;-1;-1;;south ursan islands
6708;843;sea;8140;-1;-1;-1;-1;;south ursan islands
6679;6675;sea;7539;-1;-1;-1;-1;;south ursan islands
6675;6677;sea;7539;-1;-1;-1;-1;;south ursan islands
-1;-1;-1;-1;-1;-1;-1;-1;;
-1;-1;;-1;-1;-1;-1;-1;-1 
2745;6793;sea;75033;-1;-1;-1;-1;;cetan islands
#x;x;sea;x;-1;-1;-1;-1;;x